Amaurobius_ferox	x1	1	2	3	4	5	6	7	x2	x3	8	9	10	11	11	12	13	14	14	15	16	17	18	19	20
Araneus_marmoreus	13	6	6	5	7	11	4	8	13	12	10	7	5	4	4	2	8	11	11	1	3	1	2	10	3
Amaurobius_ferox-Araneus_marmoreus-percCountMax	0.5024272	0.7588652	0.4687933	0.7786561	0.8737542	0.5776398	0.7483553	0.8157895	0.5096154	0.5567452	0.8015873	0.7834646	0.8135283	0.7008547	0.7008547	0.7504912	0.8416486	0.4851064	0.4851064	0.7803922	0.8189135	0.7995643	0.7383178	0.8482972	0.8463855
Argiope_bruennichi	x2	8	8	4	1	10	5	2	x2	x1	9	1	4	5	5	3	2	10	10	6	7	6	3	9	7
Amaurobius_ferox-Argiope_bruennichi-percCountMax	0.5010799	0.7506739	0.4536213	0.7503169	0.8677686	0.5611193	0.7397476	0.8205128	0.4804965	0.5550936	0.7820896	0.7897727	0.8143608	0.7303609	0.7303609	0.7485605	0.8734440	0.4739069	0.4739069	0.8173432	0.8062731	0.8174442	0.7212714	0.8498498	0.8247734
Dysdera_silvatica	1	4	4	5	4	2	5	3	1	1	2	3	1	2	2	2	6	1	2	5	4	5	2	7	6
Amaurobius_ferox-Dysdera_silvatica-percCountMax	0.5653924	0.4085779	0.2673913	0.1783296	0.3209877	0.4174174	0.1994949	0.4447592	0.6261398	0.5305344	0.2537688	0.3090278	0.2662722	0.2334385	0.2334385	0.2222222	0.3018868	0.3134328	0.3134328	0.4258675	0.3657718	0.4947735	0.3219697	0.3041475	0.4414894
Ectatosticta_davidi	3	8	15	11	11	7	1	15	3	2	5	12	7	7	1	6	9	7	7	14	13	14	6	11	9
Amaurobius_ferox-Ectatosticta_davidi-percCountMax	0.3339518	0.3000000	0.2831858	0.2100193	0.4506329	0.3525000	0.2044444	0.2882206	0.5454545	0.2397260	0.4189474	0.3115727	0.2122016	0.2281167	0.2281167	0.3575269	0.2945205	0.3170103	0.3170103	0.5336927	0.3026316	0.3765060	0.6141479	0.2605042	0.3445378
Gibbaranea_gibbosa	x1	6	6	2	3	7	1	4	x1	x2	1	3	2	1	1	5	4	7	7	2	3	2	5	1	3
Amaurobius_ferox-Gibbaranea_gibbosa-percCountMax	0.4826303	0.7514620	0.4717514	0.7250946	0.5893471	0.5622255	0.7796327	0.8244275	0.4741874	0.5648352	0.8080229	0.5620155	0.5981818	0.7619048	0.7619048	0.7364185	0.8614319	0.4916435	0.4916435	0.5028355	0.6195857	0.6456212	0.7354988	0.8543689	0.8125000
Hylyphantes_graminicola	12	6	6	7	3	8	4	1	13	12	5	3	7	4	4	9	1	8	8	11	10	11	9	5	10
Amaurobius_ferox-Hylyphantes_graminicola-percCountMax	0.3957503	0.7749667	0.4734112	0.7634409	0.8628389	0.6534508	0.7943485	0.8142589	0.5745721	0.4428969	0.8283688	0.7970402	0.7887324	0.7423313	0.7423313	0.7259101	0.8381375	0.5260989	0.5260989	0.8244275	0.8282443	0.8545082	0.7340909	0.8410405	0.8381503
Larinioides_cornutus	x1	7	7	5	2	10	8	1	x1	x2	9	2	5	8	8	4	1	10	10	6	3	6	4	9	3
Amaurobius_ferox-Larinioides_cornutus-percCountMax	0.4833525	0.7526596	0.4574899	0.7710526	0.8786885	0.5752461	0.7233385	0.8315412	0.4854545	0.5348315	0.7806268	0.8026820	0.8053571	0.7104247	0.7104247	0.7643678	0.8280632	0.4779221	0.4779221	0.7797834	0.8017544	0.7983871	0.7186047	0.8382353	0.8119658
Latrodectus_elegans	1	5	5	2	12	7	3	14	1	9	10	12	6	3	3	2	14	7	7	6	11	6	8	4	11
Amaurobius_ferox-Latrodectus_elegans-percCountMax	0.4913183	0.5122530	0.5697074	0.3308458	0.7759771	0.5113749	0.6537657	0.5422613	0.4852632	0.4800000	0.5009804	0.6836983	0.2979493	0.5177596	0.5177596	0.3354673	0.5633245	0.3102156	0.3102156	0.7076923	0.7101828	0.5704324	0.4191617	0.2484600	0.8158348
Meta_bourneti	x2	8	8	2	1	10	6	3	x2	x1	5	1	2	6	6	4	3	10	10	7	9	7	4	5	9
Amaurobius_ferox-Meta_bourneti-percCountMax	0.4315907	0.7374670	0.4682003	0.7949401	0.8849271	0.6180451	0.8232484	0.8266898	0.5827206	0.5882353	0.8051771	0.8093458	0.8084034	0.7635659	0.7635659	0.7611940	0.8447581	0.5007321	0.5007321	0.7982609	0.8294011	0.8104449	0.7314410	0.8477612	0.8333333
Nephilingis_cruentata	2	10	10	3	1	8	5	4	2	7	9	1	3	5	5	6	4	8	8	11	13	11	6	9	13
Amaurobius_ferox-Nephilingis_cruentata-percCountMax	0.5054705	0.7692308	0.4644809	0.7914952	0.8808725	0.6209677	0.7882353	0.8342441	0.4561717	0.5349345	0.8215962	0.8090551	0.8010381	0.7635271	0.7635271	0.7360000	0.8580786	0.4767278	0.4767278	0.8185328	0.8150183	0.8132780	0.7294118	0.8048780	0.8672840
Oedothorax_gibbosus	x1	8	8	10	11	7	4	3	x1	x2	9	11	10	4	4	1	3	7	7	2	5	2	1	9	5
Amaurobius_ferox-Oedothorax_gibbosus-percCountMax	0.2191011	0.7690678	0.4903846	0.7894737	0.8718663	0.6173570	0.8303342	0.8797654	0.4416244	0.2769231	0.8448687	0.7934783	0.7552239	0.7784810	0.7784810	0.7422680	0.8167331	0.5024631	0.5024631	0.8512397	0.8160237	0.8831909	0.7814570	0.8011696	0.8921162
Parasteatoda_lunata	x1	7	7	3	2	10	6	5	x1	x1	1	2	3	6	6	4	5	10	10	8	9	8	4	1	9
Amaurobius_ferox-Parasteatoda_lunata-percCountMax	0.4854497	0.6828299	0.4159855	0.6872322	0.8189300	0.6094553	0.7360248	0.7334802	0.4919540	0.3887399	0.7188465	0.7601523	0.7408284	0.7125926	0.7125926	0.7252011	0.7536023	0.4635231	0.4635231	0.7100000	0.7631935	0.7472067	0.7434716	0.4833006	0.8010204
Pardosa_pseudoannulata	6	15	2	12	14	2	5	9	6	6	13	9	4	8	8	12	8	10	10	11	1	3	10	5	14
Amaurobius_ferox-Pardosa_pseudoannulata-percCountMax	0.4790062	0.8794567	0.8970508	0.8174224	0.8854012	0.8291956	0.8880989	0.9012259	0.6278672	0.5480132	0.8463252	0.8928443	0.8606930	0.8715039	0.8715039	0.7837250	0.8880825	0.8558140	0.8558140	0.8079545	0.8471616	0.8902027	0.8171206	0.8018712	0.8423758
Tetragnatha_montana	x2	10	10	3	2	11	7	6	x2	x1	8	2	3	7	7	1	6	11	11	9	4	9	1	8	4
Amaurobius_ferox-Tetragnatha_montana-percCountMax	0.6013289	0.7611940	0.4594595	0.7669039	0.8757396	0.6175299	0.8142549	0.8487585	0.4773333	0.5322581	0.7714777	0.8097826	0.8209607	0.7459016	0.7459016	0.7552083	0.8527132	0.5186567	0.5186567	0.8193069	0.8321168	0.8312343	0.7275449	0.8100775	0.8437500
Trichonephila_antipodiana	13	8	3	6	2	10	4	1	13	12	5	2	6	4	4	11	1	10	10	7	9	7	11	5	9
Amaurobius_ferox-Trichonephila_antipodiana-percCountMax	0.3799076	0.5975774	0.2662338	0.5054054	0.7785124	0.4502297	0.5686901	0.6906854	0.2590051	0.3004484	0.5801527	0.7170172	0.5026738	0.6182213	0.6182213	0.5606936	0.7247312	0.3734777	0.3734777	0.5436364	0.5109890	0.4832347	0.3611111	0.5396341	0.5621302
Uloborus_diversus	10	5	5	1	4	9	8	6	10	3	6	2	1	1	1	1	2	7	7	9	8	4	2	7	8
Amaurobius_ferox-Uloborus_diversus-percCountMax	0.4095808	0.8109177	0.7828571	0.6858441	0.8160136	0.7562500	0.6722533	0.5279831	0.4488449	0.6043095	0.6199804	0.7803030	0.4603854	0.7462312	0.7462312	0.6946809	0.5291262	0.6661527	0.6661527	0.4141201	0.4652532	0.5735462	0.5528455	0.7348993	0.3441176
